{
  "contract": "/home/runner/work/hype/hype/services/contracts/contracts/DynamicEscrow.sol",
  "tool": "maian",
  "start": 1657272685.2873983,
  "end": 1657272757.6322784,
  "duration": 72.34488010406494,
  "exit_code": 0
}