{
  "contract": "/home/runner/work/hype/hype/services/contracts/contracts/HypePool.sol",
  "tool": "oyente",
  "start": 1657272801.8540242,
  "end": 1657272802.7078154,
  "duration": 0.8537912368774414,
  "exit_code": 1
}