{
  "contract": "/home/runner/work/hype/hype/services/contracts/contracts/HypePool.sol",
  "tool": "manticore",
  "start": 1657272802.7089782,
  "end": 1657272818.3656259,
  "duration": 15.656647682189941,
  "exit_code": 0
}