{
  "contract": "/home/runner/work/hype/hype/packages/contracts/contracts/HypePool.sol",
  "tool": "maian",
  "start": 1657275861.5183055,
  "end": 1657275926.8817477,
  "duration": 65.3634421825409,
  "exit_code": 0
}