{
  "contract": "/home/runner/work/hype/hype/services/contracts/contracts/interfaces/IEscrow.sol",
  "tool": "maian",
  "start": 1657272768.982323,
  "end": 1657272769.5362055,
  "duration": 0.5538825988769531,
  "exit_code": 0
}