{
  "contract": "/home/runner/work/hype/hype/packages/contracts/contracts/interfaces/IHypePool.sol",
  "tool": "oyente",
  "start": 1657275844.0374677,
  "end": 1657275844.7978435,
  "duration": 0.7603757381439209,
  "exit_code": 1
}