{
  "contract": "/home/runner/work/hype/hype/services/contracts/contracts/ERC20Base.sol",
  "tool": "maian",
  "start": 1657272581.6012375,
  "end": 1657272653.2973971,
  "duration": 71.69615960121155,
  "exit_code": 0
}