{
  "contract": "/home/runner/work/hype/hype/packages/contracts/contracts/interfaces/IRewarder.sol",
  "tool": "maian",
  "start": 1657275828.2770631,
  "end": 1657275828.7751887,
  "duration": 0.4981255531311035,
  "exit_code": 0
}