{
  "contract": "/home/runner/work/hype/hype/packages/contracts/contracts/interfaces/IRewarder.sol",
  "tool": "oyente",
  "start": 1657275832.5503147,
  "end": 1657275833.2923925,
  "duration": 0.7420778274536133,
  "exit_code": 1
}