{
  "contract": "/home/runner/work/hype/hype/services/contracts/contracts/HypePool.sol",
  "tool": "conkas",
  "start": 1657272823.877706,
  "end": 1657272826.109915,
  "duration": 2.2322089672088623,
  "exit_code": 1
}