{
  "contract": "/home/runner/work/hype/hype/packages/contracts/contracts/ERC20Base.sol",
  "tool": "maian",
  "start": 1657275628.8913229,
  "end": 1657275695.5627322,
  "duration": 66.67140936851501,
  "exit_code": 0
}