{
  "contract": "/home/runner/work/hype/hype/packages/contracts/contracts/DynamicEscrow.sol",
  "tool": "maian",
  "start": 1657275738.203845,
  "end": 1657275805.1777155,
  "duration": 66.97387051582336,
  "exit_code": 0
}