{
  "contract": "/home/runner/work/hype/hype/services/contracts/contracts/DynamicEscrow.sol",
  "tool": "manticore",
  "start": 1657272669.9125051,
  "end": 1657272685.2756329,
  "duration": 15.363127708435059,
  "exit_code": 0
}