{
  "contract": "/home/runner/work/hype/hype/services/contracts/contracts/DynamicEscrow.sol",
  "tool": "slither",
  "start": 1657272661.6151705,
  "end": 1657272662.6646416,
  "duration": 1.049471139907837,
  "exit_code": 0
}