{
  "contract": "/home/runner/work/hype/hype/packages/contracts/contracts/HypePool.sol",
  "tool": "manticore",
  "start": 1657275847.7665155,
  "end": 1657275860.0181935,
  "duration": 12.251677989959717,
  "exit_code": 0
}