{
  "analysis": [],
  "contract": "/home/runner/work/hype/hype/services/contracts/contracts/ERC20Base.sol",
  "duration": 0.9631609916687012,
  "end": 1657272566.0253484,
  "exit_code": 0,
  "start": 1657272565.0621874,
  "tool": "osiris"
}