{
  "contract": "/home/runner/work/hype/hype/services/contracts/contracts/interfaces/IHypePool.sol",
  "tool": "maian",
  "start": 1657272795.4442072,
  "end": 1657272795.9926581,
  "duration": 0.5484509468078613,
  "exit_code": 0
}