{
  "contract": "/home/runner/work/hype/hype/services/contracts/contracts/HypePool.sol",
  "tool": "maian",
  "start": 1657272828.6710103,
  "end": 1657272908.8527305,
  "duration": 80.18172025680542,
  "exit_code": 0
}