{
  "contract": "/home/runner/work/hype/hype/packages/contracts/contracts/interfaces/IHypePool.sol",
  "tool": "maian",
  "start": 1657275835.0255148,
  "end": 1657275835.4976795,
  "duration": 0.4721646308898926,
  "exit_code": 0
}