{
  "contract": "/home/runner/work/hype/hype/packages/contracts/contracts/ERC20Base.sol",
  "tool": "conkas",
  "start": 1657275714.5330896,
  "end": 1657275716.5770774,
  "duration": 2.04398775100708,
  "exit_code": 1
}