{
  "contract": "/home/runner/work/hype/hype/services/contracts/contracts/interfaces/IEscrow.sol",
  "tool": "slither",
  "start": 1657272766.4753206,
  "end": 1657272767.4453015,
  "duration": 0.9699809551239014,
  "exit_code": 255
}