{
  "contract": "/home/runner/work/hype/hype/packages/contracts/contracts/HypePool.sol",
  "tool": "osiris",
  "start": 1657275860.761707,
  "end": 1657275861.5167499,
  "duration": 0.7550427913665771,
  "exit_code": 0
}