{
  "contract": "/home/runner/work/hype/hype/packages/contracts/contracts/ERC20Base.sol",
  "tool": "oyente",
  "start": 1657275710.998317,
  "end": 1657275711.7797554,
  "duration": 0.7814383506774902,
  "exit_code": 1
}